"password","is_superuser","username","first_name","last_name","email","is_staff","is_active","date_joined"
"pbkdf2_sha256$1000000$diwr0kOdaG0mLJgmMHMBBE$wN2XnUI6DK96fA/CpFjuXF7rIaOM8COAcQTw5gBc9HE=","false","user1","","","1234@1234.com","false","true","2026-01-01 00:00:00+00:00"
"pbkdf2_sha256$1000000$diwr0kOdaG0mLJgmMHMBBE$wN2XnUI6DK96fA/CpFjuXF7rIaOM8COAcQTw5gBc9HE=","false","user2","","","1234@1234.com","false","true","2026-01-01 00:00:00+00:00"
"pbkdf2_sha256$1000000$diwr0kOdaG0mLJgmMHMBBE$wN2XnUI6DK96fA/CpFjuXF7rIaOM8COAcQTw5gBc9HE=","false","user3","","","1234@1234.com","false","true","2026-01-01 00:00:00+00:00"
"pbkdf2_sha256$1000000$diwr0kOdaG0mLJgmMHMBBE$wN2XnUI6DK96fA/CpFjuXF7rIaOM8COAcQTw5gBc9HE=","false","user4","","","1234@1234.com","false","true","2026-01-01 00:00:00+00:00"
"pbkdf2_sha256$1000000$diwr0kOdaG0mLJgmMHMBBE$wN2XnUI6DK96fA/CpFjuXF7rIaOM8COAcQTw5gBc9HE=","false","user5","","","1234@1234.com","false","true","2026-01-01 00:00:00+00:00"
"pbkdf2_sha256$1000000$diwr0kOdaG0mLJgmMHMBBE$wN2XnUI6DK96fA/CpFjuXF7rIaOM8COAcQTw5gBc9HE=","false","user6","","","1234@1234.com","false","true","2026-01-01 00:00:00+00:00"
"pbkdf2_sha256$1000000$diwr0kOdaG0mLJgmMHMBBE$wN2XnUI6DK96fA/CpFjuXF7rIaOM8COAcQTw5gBc9HE=","false","user7","","","1234@1234.com","false","true","2026-01-01 00:00:00+00:00"
"pbkdf2_sha256$1000000$diwr0kOdaG0mLJgmMHMBBE$wN2XnUI6DK96fA/CpFjuXF7rIaOM8COAcQTw5gBc9HE=","false","user8","","","1234@1234.com","false","true","2026-01-01 00:00:00+00:00"
"pbkdf2_sha256$1000000$diwr0kOdaG0mLJgmMHMBBE$wN2XnUI6DK96fA/CpFjuXF7rIaOM8COAcQTw5gBc9HE=","false","user9","","","1234@1234.com","false","true","2026-01-01 00:00:00+00:00"
"pbkdf2_sha256$1000000$diwr0kOdaG0mLJgmMHMBBE$wN2XnUI6DK96fA/CpFjuXF7rIaOM8COAcQTw5gBc9HE=","false","user10","","","1234@1234.com","false","true","2026-01-01 00:00:00+00:00"
"pbkdf2_sha256$1000000$diwr0kOdaG0mLJgmMHMBBE$wN2XnUI6DK96fA/CpFjuXF7rIaOM8COAcQTw5gBc9HE=","false","user11","","","1234@1234.com","false","true","2026-01-01 00:00:00+00:00"
"pbkdf2_sha256$1000000$diwr0kOdaG0mLJgmMHMBBE$wN2XnUI6DK96fA/CpFjuXF7rIaOM8COAcQTw5gBc9HE=","false","user12","","","1234@1234.com","false","true","2026-01-01 00:00:00+00:00"
"pbkdf2_sha256$1000000$diwr0kOdaG0mLJgmMHMBBE$wN2XnUI6DK96fA/CpFjuXF7rIaOM8COAcQTw5gBc9HE=","false","user13","","","1234@1234.com","false","true","2026-01-01 00:00:00+00:00"
"pbkdf2_sha256$1000000$diwr0kOdaG0mLJgmMHMBBE$wN2XnUI6DK96fA/CpFjuXF7rIaOM8COAcQTw5gBc9HE=","false","user14","","","1234@1234.com","false","true","2026-01-01 00:00:00+00:00"
"pbkdf2_sha256$1000000$diwr0kOdaG0mLJgmMHMBBE$wN2XnUI6DK96fA/CpFjuXF7rIaOM8COAcQTw5gBc9HE=","false","user15","","","1234@1234.com","false","true","2026-01-01 00:00:00+00:00"
"pbkdf2_sha256$1000000$diwr0kOdaG0mLJgmMHMBBE$wN2XnUI6DK96fA/CpFjuXF7rIaOM8COAcQTw5gBc9HE=","false","user16","","","1234@1234.com","false","true","2026-01-01 00:00:00+00:00"
"pbkdf2_sha256$1000000$diwr0kOdaG0mLJgmMHMBBE$wN2XnUI6DK96fA/CpFjuXF7rIaOM8COAcQTw5gBc9HE=","false","user17","","","1234@1234.com","false","true","2026-01-01 00:00:00+00:00"
"pbkdf2_sha256$1000000$diwr0kOdaG0mLJgmMHMBBE$wN2XnUI6DK96fA/CpFjuXF7rIaOM8COAcQTw5gBc9HE=","false","user18","","","1234@1234.com","false","true","2026-01-01 00:00:00+00:00"
"pbkdf2_sha256$1000000$diwr0kOdaG0mLJgmMHMBBE$wN2XnUI6DK96fA/CpFjuXF7rIaOM8COAcQTw5gBc9HE=","false","user19","","","1234@1234.com","false","true","2026-01-01 00:00:00+00:00"
"pbkdf2_sha256$1000000$diwr0kOdaG0mLJgmMHMBBE$wN2XnUI6DK96fA/CpFjuXF7rIaOM8COAcQTw5gBc9HE=","false","user20","","","1234@1234.com","false","true","2026-01-01 00:00:00+00:00"
